month,nino34_anomaly_c,region_mean_sst_c,climatology_mean_c,baseline
1981-09,-0.35,26.345,26.695,1991-2020
1981-10,-0.232,26.466,26.698,1991-2020
1981-11,-0.68,26.075,26.755,1991-2020
1981-12,-0.393,26.184,26.576,1991-2020
1982-01,0.092,26.583,26.491,1991-2020
1982-02,-0.213,26.455,26.667,1991-2020
1982-03,-0.146,27.034,27.18,1991-2020
1982-04,0.011,27.782,27.771,1991-2020
1982-05,0.483,28.324,27.841,1991-2020
1982-06,0.653,28.318,27.664,1991-2020
1982-07,0.273,27.516,27.243,1991-2020
1982-08,0.897,27.732,26.835,1991-2020
1982-09,1.293,27.988,26.695,1991-2020
1982-10,1.818,28.516,26.698,1991-2020
1982-11,1.765,28.52,26.755,1991-2020
1982-12,2.297,28.874,26.576,1991-2020
1983-01,2.227,28.719,26.491,1991-2020
1983-02,1.892,28.559,26.667,1991-2020
1983-03,1.298,28.478,27.18,1991-2020
1983-04,0.736,28.507,27.771,1991-2020
1983-05,0.712,28.553,27.841,1991-2020
1983-06,0.459,28.123,27.664,1991-2020
1983-07,-0.387,26.856,27.243,1991-2020
1983-08,-0.49,26.345,26.835,1991-2020
1983-09,-0.428,26.267,26.695,1991-2020
1983-10,-1.083,25.615,26.698,1991-2020
1983-11,-1.378,25.377,26.755,1991-2020
1983-12,-1.228,25.348,26.576,1991-2020
1984-01,-1.004,25.488,26.491,1991-2020
1984-02,-0.157,26.51,26.667,1991-2020
1984-03,-0.542,26.638,27.18,1991-2020
1984-04,-0.544,27.227,27.771,1991-2020
1984-05,-0.717,27.124,27.841,1991-2020
1984-06,-1.086,26.579,27.664,1991-2020
1984-07,-0.708,26.535,27.243,1991-2020
1984-08,-0.545,26.29,26.835,1991-2020
1984-09,-0.422,26.273,26.695,1991-2020
1984-10,-0.775,25.924,26.698,1991-2020
1984-11,-1.373,25.383,26.755,1991-2020
1984-12,-1.536,25.04,26.576,1991-2020
1985-01,-1.33,25.161,26.491,1991-2020
1985-02,-0.941,25.726,26.667,1991-2020
1985-03,-0.908,26.272,27.18,1991-2020
1985-04,-1.142,26.629,27.771,1991-2020
1985-05,-1.109,26.732,27.841,1991-2020
1985-06,-1.106,26.558,27.664,1991-2020
1985-07,-0.804,26.439,27.243,1991-2020
1985-08,-0.635,26.2,26.835,1991-2020
1985-09,-0.793,25.901,26.695,1991-2020
1985-10,-0.75,25.948,26.698,1991-2020
1985-11,-0.58,26.175,26.755,1991-2020
1985-12,-0.589,25.988,26.576,1991-2020
1986-01,-0.725,25.767,26.491,1991-2020
1986-02,-0.81,25.857,26.667,1991-2020
1986-03,-0.612,26.568,27.18,1991-2020
1986-04,-0.535,27.236,27.771,1991-2020
1986-05,-0.581,27.26,27.841,1991-2020
1986-06,-0.334,27.33,27.664,1991-2020
1986-07,-0.027,27.216,27.243,1991-2020
1986-08,0.222,27.056,26.835,1991-2020
1986-09,0.431,27.126,26.695,1991-2020
1986-10,0.545,27.243,26.698,1991-2020
1986-11,0.558,27.314,26.755,1991-2020
1986-12,0.858,27.434,26.576,1991-2020
1987-01,0.991,27.483,26.491,1991-2020
1987-02,0.853,27.52,26.667,1991-2020
1987-03,0.923,28.103,27.18,1991-2020
1987-04,0.468,28.239,27.771,1991-2020
1987-05,0.339,28.18,27.841,1991-2020
1987-06,0.766,28.43,27.664,1991-2020
1987-07,1.085,28.328,27.243,1991-2020
1987-08,1.238,28.073,26.835,1991-2020
1987-09,1.35,28.045,26.695,1991-2020
1987-10,0.985,27.683,26.698,1991-2020
1987-11,0.849,27.604,26.755,1991-2020
1987-12,0.766,27.342,26.576,1991-2020
1988-01,0.679,27.171,26.491,1991-2020
1988-02,0.215,26.883,26.667,1991-2020
1988-03,0.042,27.222,27.18,1991-2020
1988-04,-0.597,27.174,27.771,1991-2020
1988-05,-1.433,26.408,27.841,1991-2020
1988-06,-1.785,25.879,27.664,1991-2020
1988-07,-1.792,25.451,27.243,1991-2020
1988-08,-1.467,25.368,26.835,1991-2020
1988-09,-0.941,25.754,26.695,1991-2020
1988-10,-2.079,24.619,26.698,1991-2020
1988-11,-2.288,24.468,26.755,1991-2020
1988-12,-2.064,24.512,26.576,1991-2020
1989-01,-2.044,24.448,26.491,1991-2020
1989-02,-1.504,25.163,26.667,1991-2020
1989-03,-1.484,25.696,27.18,1991-2020
1989-04,-1.36,26.411,27.771,1991-2020
1989-05,-0.916,26.925,27.841,1991-2020
1989-06,-0.674,26.991,27.664,1991-2020
1989-07,-0.562,26.681,27.243,1991-2020
1989-08,-0.707,26.128,26.835,1991-2020
1989-09,-0.5,26.195,26.695,1991-2020
1989-10,-0.556,26.142,26.698,1991-2020
1989-11,-0.627,26.128,26.755,1991-2020
1989-12,-0.187,26.39,26.576,1991-2020
1990-01,-0.096,26.396,26.491,1991-2020
1990-02,0.019,26.686,26.667,1991-2020
1990-03,-0.177,27.003,27.18,1991-2020
1990-04,-0.062,27.709,27.771,1991-2020
1990-05,0.052,27.893,27.841,1991-2020
1990-06,-0.271,27.393,27.664,1991-2020
1990-07,-0.005,27.238,27.243,1991-2020
1990-08,0.108,26.943,26.835,1991-2020
1990-09,-0.035,26.659,26.695,1991-2020
1990-10,0.189,26.888,26.698,1991-2020
1990-11,-0.103,26.652,26.755,1991-2020
1990-12,0.224,26.8,26.576,1991-2020
1991-01,0.351,26.842,26.491,1991-2020
1991-02,0.151,26.818,26.667,1991-2020
1991-03,-0.08,27.1,27.18,1991-2020
1991-04,0.086,27.857,27.771,1991-2020
1991-05,0.263,28.104,27.841,1991-2020
1991-06,0.407,28.071,27.664,1991-2020
1991-07,0.486,27.729,27.243,1991-2020
1991-08,0.625,27.46,26.835,1991-2020
1991-09,0.303,26.998,26.695,1991-2020
1991-10,0.654,27.353,26.698,1991-2020
1991-11,0.912,27.667,26.755,1991-2020
1991-12,1.555,28.132,26.576,1991-2020
1992-01,1.747,28.239,26.491,1991-2020
1992-02,1.623,28.291,26.667,1991-2020
1992-03,1.215,28.395,27.18,1991-2020
1992-04,1.041,28.812,27.771,1991-2020
1992-05,0.937,28.778,27.841,1991-2020
1992-06,0.403,28.068,27.664,1991-2020
1992-07,0.143,27.386,27.243,1991-2020
1992-08,-0.093,26.742,26.835,1991-2020
1992-09,-0.172,26.523,26.695,1991-2020
1992-10,-0.528,26.17,26.698,1991-2020
1992-11,-0.189,26.566,26.755,1991-2020
1992-12,0.148,26.724,26.576,1991-2020
1993-01,0.155,26.647,26.491,1991-2020
1993-02,0.33,26.998,26.667,1991-2020
1993-03,0.228,27.408,27.18,1991-2020
1993-04,0.338,28.108,27.771,1991-2020
1993-05,0.674,28.515,27.841,1991-2020
1993-06,0.157,27.822,27.664,1991-2020
1993-07,0.214,27.457,27.243,1991-2020
1993-08,-0.058,26.776,26.835,1991-2020
1993-09,0.226,26.921,26.695,1991-2020
1993-10,0.184,26.883,26.698,1991-2020
1993-11,0.063,26.819,26.755,1991-2020
1993-12,0.082,26.658,26.576,1991-2020
1994-01,0.014,26.505,26.491,1991-2020
1994-02,-0.086,26.581,26.667,1991-2020
1994-03,0.14,27.32,27.18,1991-2020
1994-04,0.075,27.846,27.771,1991-2020
1994-05,0.122,27.963,27.841,1991-2020
1994-06,0.14,27.804,27.664,1991-2020
1994-07,-0.017,27.226,27.243,1991-2020
1994-08,0.433,27.268,26.835,1991-2020
1994-09,0.275,26.969,26.695,1991-2020
1994-10,0.624,27.322,26.698,1991-2020
1994-11,0.94,27.695,26.755,1991-2020
1994-12,1.199,27.775,26.576,1991-2020
1995-01,0.776,27.267,26.491,1991-2020
1995-02,0.655,27.322,26.667,1991-2020
1995-03,0.297,27.476,27.18,1991-2020
1995-04,0.078,27.849,27.771,1991-2020
1995-05,-0.232,27.609,27.841,1991-2020
1995-06,-0.379,27.285,27.664,1991-2020
1995-07,-0.228,27.016,27.243,1991-2020
1995-08,-0.595,26.24,26.835,1991-2020
1995-09,-0.671,26.024,26.695,1991-2020
1995-10,-0.969,25.73,26.698,1991-2020
1995-11,-1.031,25.724,26.755,1991-2020
1995-12,-0.932,25.644,26.576,1991-2020
1996-01,-0.832,25.66,26.491,1991-2020
1996-02,-0.788,25.879,26.667,1991-2020
1996-03,-0.671,26.509,27.18,1991-2020
1996-04,-0.494,27.277,27.771,1991-2020
1996-05,-0.506,27.335,27.841,1991-2020
1996-06,-0.478,27.186,27.664,1991-2020
1996-07,-0.357,26.886,27.243,1991-2020
1996-08,-0.306,26.528,26.835,1991-2020
1996-09,-0.352,26.343,26.695,1991-2020
1996-10,-0.574,26.124,26.698,1991-2020
1996-11,-0.441,26.315,26.755,1991-2020
1996-12,-0.617,25.96,26.576,1991-2020
1997-01,-0.623,25.868,26.491,1991-2020
1997-02,-0.378,26.289,26.667,1991-2020
1997-03,-0.356,26.824,27.18,1991-2020
1997-04,-0.109,27.662,27.771,1991-2020
1997-05,0.43,28.271,27.841,1991-2020
1997-06,0.868,28.532,27.664,1991-2020
1997-07,1.341,28.584,27.243,1991-2020
1997-08,1.757,28.592,26.835,1991-2020
1997-09,1.91,28.605,26.695,1991-2020
1997-10,2.038,28.737,26.698,1991-2020
1997-11,2.195,28.95,26.755,1991-2020
1997-12,2.182,28.758,26.576,1991-2020
1998-01,2.111,28.602,26.491,1991-2020
1998-02,1.796,28.463,26.667,1991-2020
1998-03,1.22,28.399,27.18,1991-2020
1998-04,0.511,28.282,27.771,1991-2020
1998-05,0.464,28.305,27.841,1991-2020
1998-06,-0.854,26.811,27.664,1991-2020
1998-07,-1.264,25.979,27.243,1991-2020
1998-08,-1.305,25.53,26.835,1991-2020
1998-09,-1.093,25.601,26.695,1991-2020
1998-10,-1.405,25.293,26.698,1991-2020
1998-11,-1.39,25.365,26.755,1991-2020
1998-12,-1.809,24.768,26.576,1991-2020
1999-01,-1.642,24.849,26.491,1991-2020
1999-02,-1.134,25.533,26.667,1991-2020
1999-03,-0.924,26.256,27.18,1991-2020
1999-04,-1.021,26.75,27.771,1991-2020
1999-05,-0.94,26.901,27.841,1991-2020
1999-06,-1.101,26.563,27.664,1991-2020
1999-07,-1.033,26.21,27.243,1991-2020
1999-08,-1.245,25.589,26.835,1991-2020
1999-09,-1.031,25.664,26.695,1991-2020
1999-10,-1.201,25.497,26.698,1991-2020
1999-11,-1.671,25.084,26.755,1991-2020
1999-12,-1.681,24.895,26.576,1991-2020
2000-01,-1.803,24.688,26.491,1991-2020
2000-02,-1.555,25.112,26.667,1991-2020
2000-03,-1.15,26.029,27.18,1991-2020
2000-04,-0.906,26.865,27.771,1991-2020
2000-05,-0.98,26.861,27.841,1991-2020
2000-06,-0.698,26.966,27.664,1991-2020
2000-07,-0.727,26.517,27.243,1991-2020
2000-08,-0.483,26.352,26.835,1991-2020
2000-09,-0.519,26.175,26.695,1991-2020
2000-10,-0.713,25.985,26.698,1991-2020
2000-11,-0.925,25.831,26.755,1991-2020
2000-12,-1.079,25.497,26.576,1991-2020
2001-01,-0.776,25.715,26.491,1991-2020
2001-02,-0.57,26.097,26.667,1991-2020
2001-03,-0.381,26.799,27.18,1991-2020
2001-04,-0.574,27.197,27.771,1991-2020
2001-05,-0.464,27.377,27.841,1991-2020
2001-06,-0.149,27.516,27.664,1991-2020
2001-07,-0.09,27.154,27.243,1991-2020
2001-08,-0.081,26.754,26.835,1991-2020
2001-09,-0.19,26.505,26.695,1991-2020
2001-10,-0.254,26.444,26.698,1991-2020
2001-11,-0.488,26.267,26.755,1991-2020
2001-12,-0.535,26.041,26.576,1991-2020
2002-01,-0.179,26.313,26.491,1991-2020
2002-02,0.058,26.725,26.667,1991-2020
2002-03,-0.054,27.126,27.18,1991-2020
2002-04,0.04,27.81,27.771,1991-2020
2002-05,0.214,28.055,27.841,1991-2020
2002-06,0.636,28.3,27.664,1991-2020
2002-07,0.61,27.854,27.243,1991-2020
2002-08,0.704,27.539,26.835,1991-2020
2002-09,0.889,27.584,26.695,1991-2020
2002-10,1.069,27.768,26.698,1991-2020
2002-11,1.264,28.019,26.755,1991-2020
2002-12,1.341,27.917,26.576,1991-2020
2003-01,0.906,27.398,26.491,1991-2020
2003-02,0.664,27.331,26.667,1991-2020
2003-03,0.516,27.696,27.18,1991-2020
2003-04,-0.148,27.622,27.771,1991-2020
2003-05,-0.625,27.217,27.841,1991-2020
2003-06,-0.353,27.311,27.664,1991-2020
2003-07,0.047,27.29,27.243,1991-2020
2003-08,0.032,26.867,26.835,1991-2020
2003-09,0.204,26.898,26.695,1991-2020
2003-10,0.435,27.133,26.698,1991-2020
2003-11,0.215,26.97,26.755,1991-2020
2003-12,0.349,26.925,26.576,1991-2020
2004-01,0.216,26.708,26.491,1991-2020
2004-02,0.17,26.837,26.667,1991-2020
2004-03,-0.193,26.987,27.18,1991-2020
2004-04,-0.049,27.722,27.771,1991-2020
2004-05,0.077,27.918,27.841,1991-2020
2004-06,-0.008,27.657,27.664,1991-2020
2004-07,0.495,27.738,27.243,1991-2020
2004-08,0.649,27.484,26.835,1991-2020
2004-09,0.685,27.379,26.695,1991-2020
2004-10,0.645,27.343,26.698,1991-2020
2004-11,0.584,27.34,26.755,1991-2020
2004-12,0.632,27.208,26.576,1991-2020
2005-01,0.613,27.104,26.491,1991-2020
2005-02,0.225,26.892,26.667,1991-2020
2005-03,0.264,27.444,27.18,1991-2020
2005-04,0.134,27.905,27.771,1991-2020
2005-05,0.227,28.068,27.841,1991-2020
2005-06,0.209,27.873,27.664,1991-2020
2005-07,0.075,27.318,27.243,1991-2020
2005-08,0.05,26.885,26.835,1991-2020
2005-09,-0.121,26.573,26.695,1991-2020
2005-10,-0.073,26.626,26.698,1991-2020
2005-11,-0.553,26.202,26.755,1991-2020
2005-12,-0.824,25.752,26.576,1991-2020
2006-01,-0.949,25.542,26.491,1991-2020
2006-02,-0.687,25.98,26.667,1991-2020
2006-03,-0.697,26.483,27.18,1991-2020
2006-04,-0.284,27.487,27.771,1991-2020
2006-05,-0.06,27.781,27.841,1991-2020
2006-06,0.098,27.763,27.664,1991-2020
2006-07,-0.006,27.238,27.243,1991-2020
2006-08,0.361,27.196,26.835,1991-2020
2006-09,0.553,27.248,26.695,1991-2020
2006-10,0.662,27.36,26.698,1991-2020
2006-11,0.865,27.62,26.755,1991-2020
2006-12,1.131,27.708,26.576,1991-2020
2007-01,0.766,27.258,26.491,1991-2020
2007-02,0.086,26.753,26.667,1991-2020
2007-03,-0.089,27.091,27.18,1991-2020
2007-04,-0.113,27.658,27.771,1991-2020
2007-05,-0.444,27.397,27.841,1991-2020
2007-06,-0.139,27.525,27.664,1991-2020
2007-07,-0.434,26.809,27.243,1991-2020
2007-08,-0.601,26.234,26.835,1991-2020
2007-09,-0.893,25.802,26.695,1991-2020
2007-10,-1.227,25.472,26.698,1991-2020
2007-11,-1.458,25.297,26.755,1991-2020
2007-12,-1.212,25.365,26.576,1991-2020
2008-01,-1.62,24.872,26.491,1991-2020
2008-02,-1.531,25.136,26.667,1991-2020
2008-03,-0.943,26.237,27.18,1991-2020
2008-04,-0.858,26.913,27.771,1991-2020
2008-05,-0.692,27.149,27.841,1991-2020
2008-06,-0.642,27.022,27.664,1991-2020
2008-07,-0.258,26.985,27.243,1991-2020
2008-08,-0.064,26.771,26.835,1991-2020
2008-09,-0.247,26.448,26.695,1991-2020
2008-10,-0.202,26.496,26.698,1991-2020
2008-11,-0.349,26.406,26.755,1991-2020
2008-12,-0.841,25.735,26.576,1991-2020
2009-01,-0.815,25.677,26.491,1991-2020
2009-02,-0.597,26.07,26.667,1991-2020
2009-03,-0.638,26.542,27.18,1991-2020
2009-04,-0.171,27.6,27.771,1991-2020
2009-05,0.193,28.034,27.841,1991-2020
2009-06,0.438,28.102,27.664,1991-2020
2009-07,0.552,27.795,27.243,1991-2020
2009-08,0.707,27.542,26.835,1991-2020
2009-09,0.737,27.432,26.695,1991-2020
2009-10,0.927,27.625,26.698,1991-2020
2009-11,1.474,28.229,26.755,1991-2020
2009-12,1.725,28.301,26.576,1991-2020
2010-01,1.577,28.068,26.491,1991-2020
2010-02,1.224,27.891,26.667,1991-2020
2010-03,1.161,28.341,27.18,1991-2020
2010-04,0.611,28.381,27.771,1991-2020
2010-05,-0.131,27.71,27.841,1991-2020
2010-06,-0.582,27.082,27.664,1991-2020
2010-07,-0.957,26.286,27.243,1991-2020
2010-08,-1.248,25.587,26.835,1991-2020
2010-09,-1.346,25.348,26.695,1991-2020
2010-10,-1.427,25.271,26.698,1991-2020
2010-11,-1.454,25.302,26.755,1991-2020
2010-12,-1.213,25.363,26.576,1991-2020
2011-01,-1.492,24.999,26.491,1991-2020
2011-02,-1.197,25.471,26.667,1991-2020
2011-03,-0.832,26.348,27.18,1991-2020
2011-04,-0.753,27.018,27.771,1991-2020
2011-05,-0.377,27.464,27.841,1991-2020
2011-06,-0.29,27.374,27.664,1991-2020
2011-07,-0.173,27.071,27.243,1991-2020
2011-08,-0.412,26.423,26.835,1991-2020
2011-09,-0.673,26.021,26.695,1991-2020
2011-10,-0.722,25.976,26.698,1991-2020
2011-11,-1.005,25.75,26.755,1991-2020
2011-12,-0.99,25.586,26.576,1991-2020
2012-01,-0.727,25.765,26.491,1991-2020
2012-02,-0.553,26.114,26.667,1991-2020
2012-03,-0.445,26.735,27.18,1991-2020
2012-04,-0.529,27.242,27.771,1991-2020
2012-05,-0.187,27.654,27.841,1991-2020
2012-06,0.274,27.938,27.664,1991-2020
2012-07,0.293,27.536,27.243,1991-2020
2012-08,0.718,27.553,26.835,1991-2020
2012-09,0.448,27.143,26.695,1991-2020
2012-10,0.365,27.063,26.698,1991-2020
2012-11,0.506,27.262,26.755,1991-2020
2012-12,-0.497,26.079,26.576,1991-2020
2013-01,-0.508,25.984,26.491,1991-2020
2013-02,-0.513,26.155,26.667,1991-2020
2013-03,-0.207,26.973,27.18,1991-2020
2013-04,0.122,27.893,27.771,1991-2020
2013-05,-0.324,27.517,27.841,1991-2020
2013-06,-0.342,27.322,27.664,1991-2020
2013-07,-0.26,26.983,27.243,1991-2020
2013-08,-0.495,26.34,26.835,1991-2020
2013-09,0.054,26.748,26.695,1991-2020
2013-10,-0.164,26.535,26.698,1991-2020
2013-11,-0.088,26.667,26.755,1991-2020
2013-12,-0.19,26.386,26.576,1991-2020
2014-01,-0.519,25.972,26.491,1991-2020
2014-02,-0.893,25.774,26.667,1991-2020
2014-03,-0.36,26.82,27.18,1991-2020
2014-04,0.195,27.965,27.771,1991-2020
2014-05,0.477,28.318,27.841,1991-2020
2014-06,0.491,28.155,27.664,1991-2020
2014-07,-0.055,27.189,27.243,1991-2020
2014-08,-0.026,26.809,26.835,1991-2020
2014-09,0.322,27.017,26.695,1991-2020
2014-10,0.441,27.139,26.698,1991-2020
2014-11,0.76,27.516,26.755,1991-2020
2014-12,0.634,27.21,26.576,1991-2020
2015-01,0.505,26.996,26.491,1991-2020
2015-02,0.749,27.416,26.667,1991-2020
2015-03,0.442,27.622,27.18,1991-2020
2015-04,0.843,28.614,27.771,1991-2020
2015-05,0.861,28.702,27.841,1991-2020
2015-06,1.072,28.736,27.664,1991-2020
2015-07,1.31,28.553,27.243,1991-2020
2015-08,1.712,28.547,26.835,1991-2020
2015-09,1.849,28.543,26.695,1991-2020
2015-10,2.282,28.98,26.698,1991-2020
2015-11,2.811,29.567,26.755,1991-2020
2015-12,2.462,29.038,26.576,1991-2020
2016-01,2.548,29.039,26.491,1991-2020
2016-02,2.305,28.972,26.667,1991-2020
2016-03,1.646,28.826,27.18,1991-2020
2016-04,0.981,28.752,27.771,1991-2020
2016-05,0.219,28.06,27.841,1991-2020
2016-06,-0.044,27.621,27.664,1991-2020
2016-07,-0.483,26.76,27.243,1991-2020
2016-08,-0.529,26.305,26.835,1991-2020
2016-09,-0.464,26.23,26.695,1991-2020
2016-10,-0.734,25.964,26.698,1991-2020
2016-11,-0.676,26.079,26.755,1991-2020
2016-12,-0.364,26.212,26.576,1991-2020
2017-01,-0.289,26.202,26.491,1991-2020
2017-02,0.09,26.757,26.667,1991-2020
2017-03,0.184,27.364,27.18,1991-2020
2017-04,0.343,28.114,27.771,1991-2020
2017-05,0.413,28.254,27.841,1991-2020
2017-06,0.385,28.05,27.664,1991-2020
2017-07,0.274,27.517,27.243,1991-2020
2017-08,-0.08,26.755,26.835,1991-2020
2017-09,-0.334,26.36,26.695,1991-2020
2017-10,-0.394,26.304,26.698,1991-2020
2017-11,-0.958,25.797,26.755,1991-2020
2017-12,-0.971,25.605,26.576,1991-2020
2018-01,-0.726,25.766,26.491,1991-2020
2018-02,-0.706,25.961,26.667,1991-2020
2018-03,-0.775,26.405,27.18,1991-2020
2018-04,-0.533,27.238,27.771,1991-2020
2018-05,-0.121,27.721,27.841,1991-2020
2018-06,0.166,27.831,27.664,1991-2020
2018-07,0.229,27.472,27.243,1991-2020
2018-08,0.287,27.122,26.835,1991-2020
2018-09,0.336,27.031,26.695,1991-2020
2018-10,0.891,27.589,26.698,1991-2020
2018-11,0.884,27.639,26.755,1991-2020
2018-12,0.917,27.493,26.576,1991-2020
2019-01,0.687,27.178,26.491,1991-2020
2019-02,0.719,27.386,26.667,1991-2020
2019-03,1.005,28.185,27.18,1991-2020
2019-04,0.735,28.506,27.771,1991-2020
2019-05,0.761,28.602,27.841,1991-2020
2019-06,0.612,28.276,27.664,1991-2020
2019-07,0.432,27.675,27.243,1991-2020
2019-08,0.149,26.984,26.835,1991-2020
2019-09,-0.018,26.676,26.695,1991-2020
2019-10,0.536,27.234,26.698,1991-2020
2019-11,0.461,27.217,26.755,1991-2020
2019-12,0.42,26.997,26.576,1991-2020
2020-01,0.528,27.019,26.491,1991-2020
2020-02,0.348,27.015,26.667,1991-2020
2020-03,0.478,27.658,27.18,1991-2020
2020-04,0.41,28.181,27.771,1991-2020
2020-05,-0.25,27.591,27.841,1991-2020
2020-06,-0.296,27.368,27.664,1991-2020
2020-07,-0.158,27.085,27.243,1991-2020
2020-08,-0.563,26.272,26.835,1991-2020
2020-09,-0.667,26.028,26.695,1991-2020
2020-10,-1.164,25.534,26.698,1991-2020
2020-11,-1.259,25.496,26.755,1991-2020
2020-12,-1.018,25.558,26.576,1991-2020
2021-01,-0.924,25.567,26.491,1991-2020
2021-02,-0.886,25.781,26.667,1991-2020
2021-03,-0.553,26.627,27.18,1991-2020
2021-04,-0.581,27.19,27.771,1991-2020
2021-05,-0.318,27.523,27.841,1991-2020
2021-06,-0.024,27.64,27.664,1991-2020
2021-07,-0.19,27.053,27.243,1991-2020
2021-08,-0.291,26.544,26.835,1991-2020
2021-09,-0.27,26.425,26.695,1991-2020
2021-10,-0.796,25.902,26.698,1991-2020
2021-11,-0.876,25.879,26.755,1991-2020
2021-12,-1.066,25.511,26.576,1991-2020
2022-01,-0.841,25.651,26.491,1991-2020
2022-02,-0.722,25.945,26.667,1991-2020
2022-03,-0.898,26.282,27.18,1991-2020
2022-04,-0.991,26.78,27.771,1991-2020
2022-05,-1.065,26.776,27.841,1991-2020
2022-06,-0.659,27.006,27.664,1991-2020
2022-07,-0.639,26.605,27.243,1991-2020
2022-08,-0.979,25.856,26.835,1991-2020
2022-09,-0.93,25.764,26.695,1991-2020
2022-10,-0.836,25.863,26.698,1991-2020
2022-11,-0.95,25.805,26.755,1991-2020
2022-12,-0.848,25.729,26.576,1991-2020
2023-01,-0.687,25.804,26.491,1991-2020
2023-02,-0.468,26.199,26.667,1991-2020
2023-03,-0.017,27.163,27.18,1991-2020
2023-04,0.187,27.958,27.771,1991-2020
2023-05,0.483,28.324,27.841,1991-2020
2023-06,0.936,28.6,27.664,1991-2020
2023-07,1.086,28.329,27.243,1991-2020
2023-08,1.336,28.171,26.835,1991-2020
2023-09,1.588,28.283,26.695,1991-2020
2023-10,1.615,28.313,26.698,1991-2020
2023-11,1.915,28.67,26.755,1991-2020
2023-12,2.011,28.587,26.576,1991-2020
2024-01,1.804,28.296,26.491,1991-2020
2024-02,1.559,28.226,26.667,1991-2020
2024-03,1.248,28.428,27.18,1991-2020
2024-04,0.837,28.608,27.771,1991-2020
2024-05,0.273,28.114,27.841,1991-2020
2024-06,0.221,27.885,27.664,1991-2020
2024-07,0.175,27.419,27.243,1991-2020
2024-08,-0.06,26.774,26.835,1991-2020
2024-09,-0.256,26.439,26.695,1991-2020
2024-10,-0.325,26.374,26.698,1991-2020
2024-11,-0.112,26.643,26.755,1991-2020
2024-12,-0.63,25.947,26.576,1991-2020
2025-01,-0.768,25.724,26.491,1991-2020
2025-02,-0.356,26.312,26.667,1991-2020
2025-03,0.132,27.312,27.18,1991-2020
2025-04,-0.135,27.636,27.771,1991-2020
2025-05,-0.041,27.8,27.841,1991-2020
2025-06,0.016,27.68,27.664,1991-2020
2025-07,-0.069,27.174,27.243,1991-2020
2025-08,-0.316,26.519,26.835,1991-2020
2025-09,-0.407,26.288,26.695,1991-2020
2025-10,-0.474,26.224,26.698,1991-2020
2025-11,-0.724,26.031,26.755,1991-2020
2025-12,-0.637,25.939,26.576,1991-2020
2026-01,-0.574,25.918,26.491,1991-2020
2026-02,-0.193,26.475,26.667,1991-2020
2026-03,0.017,27.197,27.18,1991-2020
2026-04,0.473,28.244,27.771,1991-2020
2026-05,0.942,28.783,27.841,1991-2020
2026-06,1.604,29.269,27.664,1991-2020
2026-07,2.09,29.333,27.243,1991-2020
